,ARIMAX,AR,VAR,ARIMA,XGBOOST,Linear,SVR,LSTM,Facebook Prophet(Verizon),Facebook NN(Verizon)
MSE,0.6251735349557187,6.622627757506989,6.71557241385838,0.4358579594425772,0.7983066740025295,0.4364847107002008,5.135176145569494,0.43980471025037293,41.512701370938316,41.619812311500404
MAE,0.614676066425592,1.8868225983545364,1.8945613044587373,0.4959634222222219,0.6529501403564452,0.4962485944575775,1.8085474057022017,0.4896442730411653,6.108388345815295,6.09142078187934
RMSE,0.7906791605674951,2.5734466688678412,2.5914421494330875,0.660195394896524,0.8934800915535441,0.6606698954093495,2.266092704540018,0.6631777365460733,6.443035105518075,6.451341900062374
MAPE,0.011768892738610627,0.035981228689042195,0.036112194266094445,0.009737726009631797,0.012753289890818002,0.009743571086509004,0.03497415486134219,0.009616173495602683,0.11912078683290214,0.11871467677731586
